clustering_id,method,unit_ids,cluster_ids,annotation,tag,tag_2
b8494eb5-b61b-423d-beaf-c1d5790b309f,phenograph,RCC-TMA609(reg_4x5)-dst=reg019-src=reg005_c2,2,CD8T,,
b8494eb5-b61b-423d-beaf-c1d5790b309f,phenograph,RCC-TMA609(reg_4x5)-dst=reg019-src=reg005_c7,3,,T_Epi,T_Epi_2
b8494eb5-b61b-423d-beaf-c1d5790b309f,phenograph,RCC-TMA609(reg_4x5)-dst=reg019-src=reg005_c11,1,Muscle-like,,
b8494eb5-b61b-423d-beaf-c1d5790b309f,phenograph,RCC-TMA609(reg_4x5)-dst=reg019-src=reg005_c13,2,CD8T,,
b8494eb5-b61b-423d-beaf-c1d5790b309f,phenograph,RCC-TMA609(reg_4x5)-dst=reg019-src=reg005_c14,3,,T_Epi,T_Epi_2
b8494eb5-b61b-423d-beaf-c1d5790b309f,phenograph,RCC-TMA609(reg_4x5)-dst=reg019-src=reg005_c15,1,Muscle-like,,
b8494eb5-b61b-423d-beaf-c1d5790b309f,phenograph,RCC-TMA609(reg_4x5)-dst=reg019-src=reg005_c17,4,T,,
b8494eb5-b61b-423d-beaf-c1d5790b309f,phenograph,RCC-TMA609(reg_4x5)-dst=reg019-src=reg005_c18,1,Muscle-like,,
b8494eb5-b61b-423d-beaf-c1d5790b309f,phenograph,RCC-TMA609(reg_4x5)-dst=reg019-src=reg005_c25,4,T,,
b8494eb5-b61b-423d-beaf-c1d5790b309f,phenograph,RCC-TMA609(reg_4x5)-dst=reg019-src=reg005_c26,3,,T_Epi,T_Epi_2
b8494eb5-b61b-423d-beaf-c1d5790b309f,phenograph,RCC-TMA609(reg_4x5)-dst=reg019-src=reg005_c30,4,T,,
b8494eb5-b61b-423d-beaf-c1d5790b309f,phenograph,RCC-TMA609(reg_4x5)-dst=reg019-src=reg005_c31,1,Muscle-like,,
b8494eb5-b61b-423d-beaf-c1d5790b309f,phenograph,RCC-TMA609(reg_4x5)-dst=reg019-src=reg005_c33,1,Muscle-like,,
b8494eb5-b61b-423d-beaf-c1d5790b309f,phenograph,RCC-TMA609(reg_4x5)-dst=reg019-src=reg005_c36,3,,T_Epi,T_Epi_2
b8494eb5-b61b-423d-beaf-c1d5790b309f,phenograph,RCC-TMA609(reg_4x5)-dst=reg019-src=reg005_c45,2,CD8T,,
b8494eb5-b61b-423d-beaf-c1d5790b309f,phenograph,RCC-TMA609(reg_4x5)-dst=reg019-src=reg005_c46,3,,T_Epi,T_Epi_2
b8494eb5-b61b-423d-beaf-c1d5790b309f,phenograph,RCC-TMA609(reg_4x5)-dst=reg019-src=reg005_c47,1,Muscle-like,,
b8494eb5-b61b-423d-beaf-c1d5790b309f,phenograph,RCC-TMA609(reg_4x5)-dst=reg019-src=reg005_c53,1,Muscle-like,,
b8494eb5-b61b-423d-beaf-c1d5790b309f,phenograph,RCC-TMA609(reg_4x5)-dst=reg019-src=reg005_c56,0,Macrophage,,
b8494eb5-b61b-423d-beaf-c1d5790b309f,phenograph,RCC-TMA609(reg_4x5)-dst=reg019-src=reg005_c59,1,Muscle-like,,
b8494eb5-b61b-423d-beaf-c1d5790b309f,phenograph,RCC-TMA609(reg_4x5)-dst=reg019-src=reg005_c60,1,Muscle-like,,
b8494eb5-b61b-423d-beaf-c1d5790b309f,phenograph,RCC-TMA609(reg_4x5)-dst=reg019-src=reg005_c65,2,CD8T,,
b8494eb5-b61b-423d-beaf-c1d5790b309f,phenograph,RCC-TMA609(reg_4x5)-dst=reg019-src=reg005_c67,4,T,,
b8494eb5-b61b-423d-beaf-c1d5790b309f,phenograph,RCC-TMA609(reg_4x5)-dst=reg019-src=reg005_c69,1,Muscle-like,,
b8494eb5-b61b-423d-beaf-c1d5790b309f,phenograph,RCC-TMA609(reg_4x5)-dst=reg019-src=reg005_c74,2,CD8T,,
b8494eb5-b61b-423d-beaf-c1d5790b309f,phenograph,RCC-TMA609(reg_4x5)-dst=reg019-src=reg005_c82,4,T,,
b8494eb5-b61b-423d-beaf-c1d5790b309f,phenograph,RCC-TMA609(reg_4x5)-dst=reg019-src=reg005_c83,0,Macrophage,,
b8494eb5-b61b-423d-beaf-c1d5790b309f,phenograph,RCC-TMA609(reg_4x5)-dst=reg019-src=reg005_c85,1,Muscle-like,,
b8494eb5-b61b-423d-beaf-c1d5790b309f,phenograph,RCC-TMA609(reg_4x5)-dst=reg019-src=reg005_c86,1,Muscle-like,,
b8494eb5-b61b-423d-beaf-c1d5790b309f,phenograph,RCC-TMA609(reg_4x5)-dst=reg019-src=reg005_c88,3,,T_Epi,T_Epi_2
b8494eb5-b61b-423d-beaf-c1d5790b309f,phenograph,RCC-TMA609(reg_4x5)-dst=reg019-src=reg005_c92,4,T,,
b8494eb5-b61b-423d-beaf-c1d5790b309f,phenograph,RCC-TMA609(reg_4x5)-dst=reg019-src=reg005_c93,1,Muscle-like,,
b8494eb5-b61b-423d-beaf-c1d5790b309f,phenograph,RCC-TMA609(reg_4x5)-dst=reg019-src=reg005_c95,1,Muscle-like,,
b8494eb5-b61b-423d-beaf-c1d5790b309f,phenograph,RCC-TMA609(reg_4x5)-dst=reg019-src=reg005_c96,2,CD8T,,
b8494eb5-b61b-423d-beaf-c1d5790b309f,phenograph,RCC-TMA609(reg_4x5)-dst=reg019-src=reg005_c98,1,Muscle-like,,
b8494eb5-b61b-423d-beaf-c1d5790b309f,phenograph,RCC-TMA609(reg_4x5)-dst=reg019-src=reg005_c99,0,Macrophage,,
b8494eb5-b61b-423d-beaf-c1d5790b309f,phenograph,RCC-TMA609(reg_4x5)-dst=reg019-src=reg005_c100,1,Muscle-like,,
b8494eb5-b61b-423d-beaf-c1d5790b309f,phenograph,RCC-TMA609(reg_4x5)-dst=reg019-src=reg005_c103,4,T,,
b8494eb5-b61b-423d-beaf-c1d5790b309f,phenograph,RCC-TMA609(reg_4x5)-dst=reg019-src=reg005_c110,4,T,,
b8494eb5-b61b-423d-beaf-c1d5790b309f,phenograph,RCC-TMA609(reg_4x5)-dst=reg019-src=reg005_c111,1,Muscle-like,,
b8494eb5-b61b-423d-beaf-c1d5790b309f,phenograph,RCC-TMA609(reg_4x5)-dst=reg019-src=reg005_c114,2,CD8T,,
b8494eb5-b61b-423d-beaf-c1d5790b309f,phenograph,RCC-TMA609(reg_4x5)-dst=reg019-src=reg005_c119,1,Muscle-like,,
b8494eb5-b61b-423d-beaf-c1d5790b309f,phenograph,RCC-TMA609(reg_4x5)-dst=reg019-src=reg005_c122,2,CD8T,,
b8494eb5-b61b-423d-beaf-c1d5790b309f,phenograph,RCC-TMA609(reg_4x5)-dst=reg019-src=reg005_c127,1,Muscle-like,,
b8494eb5-b61b-423d-beaf-c1d5790b309f,phenograph,RCC-TMA609(reg_4x5)-dst=reg019-src=reg005_c128,0,Macrophage,,
b8494eb5-b61b-423d-beaf-c1d5790b309f,phenograph,RCC-TMA609(reg_4x5)-dst=reg019-src=reg005_c133,2,CD8T,,
b8494eb5-b61b-423d-beaf-c1d5790b309f,phenograph,RCC-TMA609(reg_4x5)-dst=reg019-src=reg005_c138,4,T,,
b8494eb5-b61b-423d-beaf-c1d5790b309f,phenograph,RCC-TMA609(reg_4x5)-dst=reg019-src=reg005_c139,1,Muscle-like,,
b8494eb5-b61b-423d-beaf-c1d5790b309f,phenograph,RCC-TMA609(reg_4x5)-dst=reg019-src=reg005_c148,1,Muscle-like,,
b8494eb5-b61b-423d-beaf-c1d5790b309f,phenograph,RCC-TMA609(reg_4x5)-dst=reg019-src=reg005_c149,3,,T_Epi,T_Epi_2
b8494eb5-b61b-423d-beaf-c1d5790b309f,phenograph,RCC-TMA609(reg_4x5)-dst=reg019-src=reg005_c153,0,Macrophage,,
b8494eb5-b61b-423d-beaf-c1d5790b309f,phenograph,RCC-TMA609(reg_4x5)-dst=reg019-src=reg005_c156,4,T,,
b8494eb5-b61b-423d-beaf-c1d5790b309f,phenograph,RCC-TMA609(reg_4x5)-dst=reg019-src=reg005_c158,0,Macrophage,,
b8494eb5-b61b-423d-beaf-c1d5790b309f,phenograph,RCC-TMA609(reg_4x5)-dst=reg019-src=reg005_c161,2,CD8T,,
b8494eb5-b61b-423d-beaf-c1d5790b309f,phenograph,RCC-TMA609(reg_4x5)-dst=reg019-src=reg005_c162,0,Macrophage,,
b8494eb5-b61b-423d-beaf-c1d5790b309f,phenograph,RCC-TMA609(reg_4x5)-dst=reg019-src=reg005_c163,0,Macrophage,,
b8494eb5-b61b-423d-beaf-c1d5790b309f,phenograph,RCC-TMA609(reg_4x5)-dst=reg019-src=reg005_c167,2,CD8T,,
b8494eb5-b61b-423d-beaf-c1d5790b309f,phenograph,RCC-TMA609(reg_4x5)-dst=reg019-src=reg005_c169,4,T,,
b8494eb5-b61b-423d-beaf-c1d5790b309f,phenograph,RCC-TMA609(reg_4x5)-dst=reg019-src=reg005_c173,4,T,,
b8494eb5-b61b-423d-beaf-c1d5790b309f,phenograph,RCC-TMA609(reg_4x5)-dst=reg019-src=reg005_c178,4,T,,
b8494eb5-b61b-423d-beaf-c1d5790b309f,phenograph,RCC-TMA609(reg_4x5)-dst=reg019-src=reg005_c183,4,T,,
b8494eb5-b61b-423d-beaf-c1d5790b309f,phenograph,RCC-TMA609(reg_4x5)-dst=reg019-src=reg005_c184,1,Muscle-like,,
b8494eb5-b61b-423d-beaf-c1d5790b309f,phenograph,RCC-TMA609(reg_4x5)-dst=reg019-src=reg005_c194,2,CD8T,,
b8494eb5-b61b-423d-beaf-c1d5790b309f,phenograph,RCC-TMA609(reg_4x5)-dst=reg019-src=reg005_c195,4,T,,
b8494eb5-b61b-423d-beaf-c1d5790b309f,phenograph,RCC-TMA609(reg_4x5)-dst=reg019-src=reg005_c196,2,CD8T,,
b8494eb5-b61b-423d-beaf-c1d5790b309f,phenograph,RCC-TMA609(reg_4x5)-dst=reg019-src=reg005_c200,4,T,,
b8494eb5-b61b-423d-beaf-c1d5790b309f,phenograph,RCC-TMA609(reg_4x5)-dst=reg019-src=reg005_c201,1,Muscle-like,,
b8494eb5-b61b-423d-beaf-c1d5790b309f,phenograph,RCC-TMA609(reg_4x5)-dst=reg019-src=reg005_c205,4,T,,
b8494eb5-b61b-423d-beaf-c1d5790b309f,phenograph,RCC-TMA609(reg_4x5)-dst=reg019-src=reg005_c212,0,Macrophage,,
b8494eb5-b61b-423d-beaf-c1d5790b309f,phenograph,RCC-TMA609(reg_4x5)-dst=reg019-src=reg005_c213,0,Macrophage,,
b8494eb5-b61b-423d-beaf-c1d5790b309f,phenograph,RCC-TMA609(reg_4x5)-dst=reg019-src=reg005_c216,0,Macrophage,,
b8494eb5-b61b-423d-beaf-c1d5790b309f,phenograph,RCC-TMA609(reg_4x5)-dst=reg019-src=reg005_c219,1,Muscle-like,,
b8494eb5-b61b-423d-beaf-c1d5790b309f,phenograph,RCC-TMA609(reg_4x5)-dst=reg019-src=reg005_c225,4,T,,
b8494eb5-b61b-423d-beaf-c1d5790b309f,phenograph,RCC-TMA609(reg_4x5)-dst=reg019-src=reg005_c226,4,T,,
b8494eb5-b61b-423d-beaf-c1d5790b309f,phenograph,RCC-TMA609(reg_4x5)-dst=reg019-src=reg005_c234,4,T,,
b8494eb5-b61b-423d-beaf-c1d5790b309f,phenograph,RCC-TMA609(reg_4x5)-dst=reg019-src=reg005_c248,1,Muscle-like,,
b8494eb5-b61b-423d-beaf-c1d5790b309f,phenograph,RCC-TMA609(reg_4x5)-dst=reg019-src=reg005_c252,2,CD8T,,
b8494eb5-b61b-423d-beaf-c1d5790b309f,phenograph,RCC-TMA609(reg_4x5)-dst=reg019-src=reg005_c256,4,T,,
b8494eb5-b61b-423d-beaf-c1d5790b309f,phenograph,RCC-TMA609(reg_4x5)-dst=reg019-src=reg005_c257,4,T,,
b8494eb5-b61b-423d-beaf-c1d5790b309f,phenograph,RCC-TMA609(reg_4x5)-dst=reg019-src=reg005_c259,0,Macrophage,,
b8494eb5-b61b-423d-beaf-c1d5790b309f,phenograph,RCC-TMA609(reg_4x5)-dst=reg019-src=reg005_c260,4,T,,
b8494eb5-b61b-423d-beaf-c1d5790b309f,phenograph,RCC-TMA609(reg_4x5)-dst=reg019-src=reg005_c261,0,Macrophage,,
b8494eb5-b61b-423d-beaf-c1d5790b309f,phenograph,RCC-TMA609(reg_4x5)-dst=reg019-src=reg005_c262,1,Muscle-like,,
b8494eb5-b61b-423d-beaf-c1d5790b309f,phenograph,RCC-TMA609(reg_4x5)-dst=reg019-src=reg005_c263,3,,T_Epi,T_Epi_2
b8494eb5-b61b-423d-beaf-c1d5790b309f,phenograph,RCC-TMA609(reg_4x5)-dst=reg019-src=reg005_c264,3,,T_Epi,T_Epi_2
b8494eb5-b61b-423d-beaf-c1d5790b309f,phenograph,RCC-TMA609(reg_4x5)-dst=reg019-src=reg005_c269,1,Muscle-like,,
b8494eb5-b61b-423d-beaf-c1d5790b309f,phenograph,RCC-TMA609(reg_4x5)-dst=reg019-src=reg005_c270,2,CD8T,,
b8494eb5-b61b-423d-beaf-c1d5790b309f,phenograph,RCC-TMA609(reg_4x5)-dst=reg019-src=reg005_c274,1,Muscle-like,,
b8494eb5-b61b-423d-beaf-c1d5790b309f,phenograph,RCC-TMA609(reg_4x5)-dst=reg019-src=reg005_c276,3,,T_Epi,T_Epi_2
b8494eb5-b61b-423d-beaf-c1d5790b309f,phenograph,RCC-TMA609(reg_4x5)-dst=reg019-src=reg005_c277,4,T,,
b8494eb5-b61b-423d-beaf-c1d5790b309f,phenograph,RCC-TMA609(reg_4x5)-dst=reg019-src=reg005_c279,1,Muscle-like,,
b8494eb5-b61b-423d-beaf-c1d5790b309f,phenograph,RCC-TMA609(reg_4x5)-dst=reg019-src=reg005_c281,4,T,,
b8494eb5-b61b-423d-beaf-c1d5790b309f,phenograph,RCC-TMA609(reg_4x5)-dst=reg019-src=reg005_c284,1,Muscle-like,,
b8494eb5-b61b-423d-beaf-c1d5790b309f,phenograph,RCC-TMA609(reg_4x5)-dst=reg019-src=reg005_c287,0,Macrophage,,
b8494eb5-b61b-423d-beaf-c1d5790b309f,phenograph,RCC-TMA609(reg_4x5)-dst=reg019-src=reg005_c289,4,T,,
b8494eb5-b61b-423d-beaf-c1d5790b309f,phenograph,RCC-TMA609(reg_4x5)-dst=reg019-src=reg005_c290,4,T,,
b8494eb5-b61b-423d-beaf-c1d5790b309f,phenograph,RCC-TMA609(reg_4x5)-dst=reg019-src=reg005_c295,0,Macrophage,,
b8494eb5-b61b-423d-beaf-c1d5790b309f,phenograph,RCC-TMA609(reg_4x5)-dst=reg019-src=reg005_c305,1,Muscle-like,,
b8494eb5-b61b-423d-beaf-c1d5790b309f,phenograph,RCC-TMA609(reg_4x5)-dst=reg019-src=reg005_c317,2,CD8T,,
b8494eb5-b61b-423d-beaf-c1d5790b309f,phenograph,RCC-TMA609(reg_4x5)-dst=reg019-src=reg005_c318,4,T,,
b8494eb5-b61b-423d-beaf-c1d5790b309f,phenograph,RCC-TMA609(reg_4x5)-dst=reg019-src=reg005_c319,0,Macrophage,,
b8494eb5-b61b-423d-beaf-c1d5790b309f,phenograph,RCC-TMA609(reg_4x5)-dst=reg019-src=reg005_c322,2,CD8T,,
b8494eb5-b61b-423d-beaf-c1d5790b309f,phenograph,RCC-TMA609(reg_4x5)-dst=reg019-src=reg005_c323,4,T,,
b8494eb5-b61b-423d-beaf-c1d5790b309f,phenograph,RCC-TMA609(reg_4x5)-dst=reg019-src=reg005_c333,0,Macrophage,,
b8494eb5-b61b-423d-beaf-c1d5790b309f,phenograph,RCC-TMA609(reg_4x5)-dst=reg019-src=reg005_c337,2,CD8T,,
b8494eb5-b61b-423d-beaf-c1d5790b309f,phenograph,RCC-TMA609(reg_4x5)-dst=reg019-src=reg005_c346,3,,T_Epi,T_Epi_2
b8494eb5-b61b-423d-beaf-c1d5790b309f,phenograph,RCC-TMA609(reg_4x5)-dst=reg019-src=reg005_c348,0,Macrophage,,
b8494eb5-b61b-423d-beaf-c1d5790b309f,phenograph,RCC-TMA609(reg_4x5)-dst=reg019-src=reg005_c350,1,Muscle-like,,
b8494eb5-b61b-423d-beaf-c1d5790b309f,phenograph,RCC-TMA609(reg_4x5)-dst=reg019-src=reg005_c351,1,Muscle-like,,
b8494eb5-b61b-423d-beaf-c1d5790b309f,phenograph,RCC-TMA609(reg_4x5)-dst=reg019-src=reg005_c358,4,T,,
b8494eb5-b61b-423d-beaf-c1d5790b309f,phenograph,RCC-TMA609(reg_4x5)-dst=reg019-src=reg005_c371,0,Macrophage,,
b8494eb5-b61b-423d-beaf-c1d5790b309f,phenograph,RCC-TMA609(reg_4x5)-dst=reg019-src=reg005_c373,2,CD8T,,
b8494eb5-b61b-423d-beaf-c1d5790b309f,phenograph,RCC-TMA609(reg_4x5)-dst=reg019-src=reg005_c374,0,Macrophage,,
b8494eb5-b61b-423d-beaf-c1d5790b309f,phenograph,RCC-TMA609(reg_4x5)-dst=reg019-src=reg005_c375,1,Muscle-like,,
b8494eb5-b61b-423d-beaf-c1d5790b309f,phenograph,RCC-TMA609(reg_4x5)-dst=reg019-src=reg005_c377,2,CD8T,,
b8494eb5-b61b-423d-beaf-c1d5790b309f,phenograph,RCC-TMA609(reg_4x5)-dst=reg019-src=reg005_c382,4,T,,
b8494eb5-b61b-423d-beaf-c1d5790b309f,phenograph,RCC-TMA609(reg_4x5)-dst=reg019-src=reg005_c383,0,Macrophage,,
b8494eb5-b61b-423d-beaf-c1d5790b309f,phenograph,RCC-TMA609(reg_4x5)-dst=reg019-src=reg005_c391,1,Muscle-like,,
b8494eb5-b61b-423d-beaf-c1d5790b309f,phenograph,RCC-TMA609(reg_4x5)-dst=reg019-src=reg005_c397,4,T,,
b8494eb5-b61b-423d-beaf-c1d5790b309f,phenograph,RCC-TMA609(reg_4x5)-dst=reg019-src=reg005_c400,1,Muscle-like,,
b8494eb5-b61b-423d-beaf-c1d5790b309f,phenograph,RCC-TMA609(reg_4x5)-dst=reg019-src=reg005_c401,2,CD8T,,
b8494eb5-b61b-423d-beaf-c1d5790b309f,phenograph,RCC-TMA609(reg_4x5)-dst=reg019-src=reg005_c403,2,CD8T,,
b8494eb5-b61b-423d-beaf-c1d5790b309f,phenograph,RCC-TMA609(reg_4x5)-dst=reg019-src=reg005_c404,1,Muscle-like,,
b8494eb5-b61b-423d-beaf-c1d5790b309f,phenograph,RCC-TMA609(reg_4x5)-dst=reg019-src=reg005_c410,1,Muscle-like,,
b8494eb5-b61b-423d-beaf-c1d5790b309f,phenograph,RCC-TMA609(reg_4x5)-dst=reg019-src=reg005_c415,1,Muscle-like,,
b8494eb5-b61b-423d-beaf-c1d5790b309f,phenograph,RCC-TMA609(reg_4x5)-dst=reg019-src=reg005_c416,1,Muscle-like,,
b8494eb5-b61b-423d-beaf-c1d5790b309f,phenograph,RCC-TMA609(reg_4x5)-dst=reg019-src=reg005_c417,1,Muscle-like,,
b8494eb5-b61b-423d-beaf-c1d5790b309f,phenograph,RCC-TMA609(reg_4x5)-dst=reg019-src=reg005_c421,0,Macrophage,,
b8494eb5-b61b-423d-beaf-c1d5790b309f,phenograph,RCC-TMA609(reg_4x5)-dst=reg019-src=reg005_c423,1,Muscle-like,,
b8494eb5-b61b-423d-beaf-c1d5790b309f,phenograph,RCC-TMA609(reg_4x5)-dst=reg019-src=reg005_c427,1,Muscle-like,,
b8494eb5-b61b-423d-beaf-c1d5790b309f,phenograph,RCC-TMA609(reg_4x5)-dst=reg019-src=reg005_c429,0,Macrophage,,
b8494eb5-b61b-423d-beaf-c1d5790b309f,phenograph,RCC-TMA609(reg_4x5)-dst=reg019-src=reg005_c430,1,Muscle-like,,
b8494eb5-b61b-423d-beaf-c1d5790b309f,phenograph,RCC-TMA609(reg_4x5)-dst=reg019-src=reg005_c431,4,T,,
b8494eb5-b61b-423d-beaf-c1d5790b309f,phenograph,RCC-TMA609(reg_4x5)-dst=reg019-src=reg005_c432,1,Muscle-like,,
b8494eb5-b61b-423d-beaf-c1d5790b309f,phenograph,RCC-TMA609(reg_4x5)-dst=reg019-src=reg005_c437,4,T,,
b8494eb5-b61b-423d-beaf-c1d5790b309f,phenograph,RCC-TMA609(reg_4x5)-dst=reg019-src=reg005_c438,2,CD8T,,
b8494eb5-b61b-423d-beaf-c1d5790b309f,phenograph,RCC-TMA609(reg_4x5)-dst=reg019-src=reg005_c447,2,CD8T,,
b8494eb5-b61b-423d-beaf-c1d5790b309f,phenograph,RCC-TMA609(reg_4x5)-dst=reg019-src=reg005_c464,1,Muscle-like,,
b8494eb5-b61b-423d-beaf-c1d5790b309f,phenograph,RCC-TMA609(reg_4x5)-dst=reg019-src=reg005_c465,1,Muscle-like,,
b8494eb5-b61b-423d-beaf-c1d5790b309f,phenograph,RCC-TMA609(reg_4x5)-dst=reg019-src=reg005_c466,1,Muscle-like,,
b8494eb5-b61b-423d-beaf-c1d5790b309f,phenograph,RCC-TMA609(reg_4x5)-dst=reg019-src=reg005_c467,3,,T_Epi,T_Epi_2
b8494eb5-b61b-423d-beaf-c1d5790b309f,phenograph,RCC-TMA609(reg_4x5)-dst=reg019-src=reg005_c468,4,T,,
b8494eb5-b61b-423d-beaf-c1d5790b309f,phenograph,RCC-TMA609(reg_4x5)-dst=reg019-src=reg005_c476,3,,T_Epi,T_Epi_2
b8494eb5-b61b-423d-beaf-c1d5790b309f,phenograph,RCC-TMA609(reg_4x5)-dst=reg019-src=reg005_c480,2,CD8T,,
b8494eb5-b61b-423d-beaf-c1d5790b309f,phenograph,RCC-TMA609(reg_4x5)-dst=reg019-src=reg005_c483,1,Muscle-like,,
b8494eb5-b61b-423d-beaf-c1d5790b309f,phenograph,RCC-TMA609(reg_4x5)-dst=reg019-src=reg005_c497,0,Macrophage,,
b8494eb5-b61b-423d-beaf-c1d5790b309f,phenograph,RCC-TMA609(reg_4x5)-dst=reg019-src=reg005_c502,3,,T_Epi,T_Epi_2
b8494eb5-b61b-423d-beaf-c1d5790b309f,phenograph,RCC-TMA609(reg_4x5)-dst=reg019-src=reg005_c505,1,Muscle-like,,
b8494eb5-b61b-423d-beaf-c1d5790b309f,phenograph,RCC-TMA609(reg_4x5)-dst=reg019-src=reg005_c512,1,Muscle-like,,
b8494eb5-b61b-423d-beaf-c1d5790b309f,phenograph,RCC-TMA609(reg_4x5)-dst=reg019-src=reg005_c524,1,Muscle-like,,
b8494eb5-b61b-423d-beaf-c1d5790b309f,phenograph,RCC-TMA609(reg_4x5)-dst=reg019-src=reg005_c528,0,Macrophage,,
b8494eb5-b61b-423d-beaf-c1d5790b309f,phenograph,RCC-TMA609(reg_4x5)-dst=reg019-src=reg005_c530,4,T,,
b8494eb5-b61b-423d-beaf-c1d5790b309f,phenograph,RCC-TMA609(reg_4x5)-dst=reg019-src=reg005_c531,1,Muscle-like,,
b8494eb5-b61b-423d-beaf-c1d5790b309f,phenograph,RCC-TMA609(reg_4x5)-dst=reg019-src=reg005_c536,0,Macrophage,,
b8494eb5-b61b-423d-beaf-c1d5790b309f,phenograph,RCC-TMA609(reg_4x5)-dst=reg019-src=reg005_c544,4,T,,
b8494eb5-b61b-423d-beaf-c1d5790b309f,phenograph,RCC-TMA609(reg_4x5)-dst=reg019-src=reg005_c545,0,Macrophage,,
b8494eb5-b61b-423d-beaf-c1d5790b309f,phenograph,RCC-TMA609(reg_4x5)-dst=reg019-src=reg005_c549,0,Macrophage,,
b8494eb5-b61b-423d-beaf-c1d5790b309f,phenograph,RCC-TMA609(reg_4x5)-dst=reg019-src=reg005_c552,1,Muscle-like,,
b8494eb5-b61b-423d-beaf-c1d5790b309f,phenograph,RCC-TMA609(reg_4x5)-dst=reg019-src=reg005_c554,1,Muscle-like,,
b8494eb5-b61b-423d-beaf-c1d5790b309f,phenograph,RCC-TMA609(reg_4x5)-dst=reg019-src=reg005_c556,0,Macrophage,,
b8494eb5-b61b-423d-beaf-c1d5790b309f,phenograph,RCC-TMA609(reg_4x5)-dst=reg019-src=reg005_c562,3,,T_Epi,T_Epi_2
b8494eb5-b61b-423d-beaf-c1d5790b309f,phenograph,RCC-TMA609(reg_4x5)-dst=reg019-src=reg005_c563,2,CD8T,,
b8494eb5-b61b-423d-beaf-c1d5790b309f,phenograph,RCC-TMA609(reg_4x5)-dst=reg019-src=reg005_c567,2,CD8T,,
b8494eb5-b61b-423d-beaf-c1d5790b309f,phenograph,RCC-TMA609(reg_4x5)-dst=reg019-src=reg005_c576,1,Muscle-like,,
b8494eb5-b61b-423d-beaf-c1d5790b309f,phenograph,RCC-TMA609(reg_4x5)-dst=reg019-src=reg005_c579,1,Muscle-like,,
b8494eb5-b61b-423d-beaf-c1d5790b309f,phenograph,RCC-TMA609(reg_4x5)-dst=reg019-src=reg005_c582,0,Macrophage,,
b8494eb5-b61b-423d-beaf-c1d5790b309f,phenograph,RCC-TMA609(reg_4x5)-dst=reg019-src=reg005_c587,3,,T_Epi,T_Epi_2
b8494eb5-b61b-423d-beaf-c1d5790b309f,phenograph,RCC-TMA609(reg_4x5)-dst=reg019-src=reg005_c602,1,Muscle-like,,
b8494eb5-b61b-423d-beaf-c1d5790b309f,phenograph,RCC-TMA609(reg_4x5)-dst=reg019-src=reg005_c610,1,Muscle-like,,
b8494eb5-b61b-423d-beaf-c1d5790b309f,phenograph,RCC-TMA609(reg_4x5)-dst=reg019-src=reg005_c611,4,T,,
b8494eb5-b61b-423d-beaf-c1d5790b309f,phenograph,RCC-TMA609(reg_4x5)-dst=reg019-src=reg005_c616,3,,T_Epi,T_Epi_2
b8494eb5-b61b-423d-beaf-c1d5790b309f,phenograph,RCC-TMA609(reg_4x5)-dst=reg019-src=reg005_c618,1,Muscle-like,,
b8494eb5-b61b-423d-beaf-c1d5790b309f,phenograph,RCC-TMA609(reg_4x5)-dst=reg019-src=reg005_c624,2,CD8T,,
b8494eb5-b61b-423d-beaf-c1d5790b309f,phenograph,RCC-TMA609(reg_4x5)-dst=reg019-src=reg005_c625,1,Muscle-like,,
b8494eb5-b61b-423d-beaf-c1d5790b309f,phenograph,RCC-TMA609(reg_4x5)-dst=reg019-src=reg005_c626,1,Muscle-like,,
b8494eb5-b61b-423d-beaf-c1d5790b309f,phenograph,RCC-TMA609(reg_4x5)-dst=reg019-src=reg005_c646,4,T,,
b8494eb5-b61b-423d-beaf-c1d5790b309f,phenograph,RCC-TMA609(reg_4x5)-dst=reg019-src=reg005_c647,2,CD8T,,
b8494eb5-b61b-423d-beaf-c1d5790b309f,phenograph,RCC-TMA609(reg_4x5)-dst=reg019-src=reg005_c648,2,CD8T,,
b8494eb5-b61b-423d-beaf-c1d5790b309f,phenograph,RCC-TMA609(reg_4x5)-dst=reg019-src=reg005_c649,0,Macrophage,,
b8494eb5-b61b-423d-beaf-c1d5790b309f,phenograph,RCC-TMA609(reg_4x5)-dst=reg019-src=reg005_c652,1,Muscle-like,,
b8494eb5-b61b-423d-beaf-c1d5790b309f,phenograph,RCC-TMA609(reg_4x5)-dst=reg019-src=reg005_c655,0,Macrophage,,
b8494eb5-b61b-423d-beaf-c1d5790b309f,phenograph,RCC-TMA609(reg_4x5)-dst=reg019-src=reg005_c656,3,,T_Epi,T_Epi_2
b8494eb5-b61b-423d-beaf-c1d5790b309f,phenograph,RCC-TMA609(reg_4x5)-dst=reg019-src=reg005_c658,3,,T_Epi,T_Epi_2
b8494eb5-b61b-423d-beaf-c1d5790b309f,phenograph,RCC-TMA609(reg_4x5)-dst=reg019-src=reg005_c669,0,Macrophage,,
b8494eb5-b61b-423d-beaf-c1d5790b309f,phenograph,RCC-TMA609(reg_4x5)-dst=reg019-src=reg005_c670,1,Muscle-like,,
b8494eb5-b61b-423d-beaf-c1d5790b309f,phenograph,RCC-TMA609(reg_4x5)-dst=reg019-src=reg005_c671,0,Macrophage,,
b8494eb5-b61b-423d-beaf-c1d5790b309f,phenograph,RCC-TMA609(reg_4x5)-dst=reg019-src=reg005_c673,2,CD8T,,
b8494eb5-b61b-423d-beaf-c1d5790b309f,phenograph,RCC-TMA609(reg_4x5)-dst=reg019-src=reg005_c676,0,Macrophage,,
b8494eb5-b61b-423d-beaf-c1d5790b309f,phenograph,RCC-TMA609(reg_4x5)-dst=reg019-src=reg005_c679,3,,T_Epi,T_Epi_2
b8494eb5-b61b-423d-beaf-c1d5790b309f,phenograph,RCC-TMA609(reg_4x5)-dst=reg019-src=reg005_c682,0,Macrophage,,
b8494eb5-b61b-423d-beaf-c1d5790b309f,phenograph,RCC-TMA609(reg_4x5)-dst=reg019-src=reg005_c683,0,Macrophage,,
b8494eb5-b61b-423d-beaf-c1d5790b309f,phenograph,RCC-TMA609(reg_4x5)-dst=reg019-src=reg005_c686,3,,T_Epi,T_Epi_2
b8494eb5-b61b-423d-beaf-c1d5790b309f,phenograph,RCC-TMA609(reg_4x5)-dst=reg019-src=reg005_c690,0,Macrophage,,
b8494eb5-b61b-423d-beaf-c1d5790b309f,phenograph,RCC-TMA609(reg_4x5)-dst=reg019-src=reg005_c704,0,Macrophage,,
b8494eb5-b61b-423d-beaf-c1d5790b309f,phenograph,RCC-TMA609(reg_4x5)-dst=reg019-src=reg005_c713,4,T,,
b8494eb5-b61b-423d-beaf-c1d5790b309f,phenograph,RCC-TMA609(reg_4x5)-dst=reg019-src=reg005_c715,0,Macrophage,,
b8494eb5-b61b-423d-beaf-c1d5790b309f,phenograph,RCC-TMA609(reg_4x5)-dst=reg019-src=reg005_c722,1,Muscle-like,,
b8494eb5-b61b-423d-beaf-c1d5790b309f,phenograph,RCC-TMA609(reg_4x5)-dst=reg019-src=reg005_c731,3,,T_Epi,T_Epi_2
b8494eb5-b61b-423d-beaf-c1d5790b309f,phenograph,RCC-TMA609(reg_4x5)-dst=reg019-src=reg005_c734,1,Muscle-like,,
b8494eb5-b61b-423d-beaf-c1d5790b309f,phenograph,RCC-TMA609(reg_4x5)-dst=reg019-src=reg005_c738,1,Muscle-like,,
b8494eb5-b61b-423d-beaf-c1d5790b309f,phenograph,RCC-TMA609(reg_4x5)-dst=reg019-src=reg005_c739,0,Macrophage,,
b8494eb5-b61b-423d-beaf-c1d5790b309f,phenograph,RCC-TMA609(reg_4x5)-dst=reg019-src=reg005_c740,0,Macrophage,,
b8494eb5-b61b-423d-beaf-c1d5790b309f,phenograph,RCC-TMA609(reg_4x5)-dst=reg019-src=reg005_c743,1,Muscle-like,,
b8494eb5-b61b-423d-beaf-c1d5790b309f,phenograph,RCC-TMA609(reg_4x5)-dst=reg019-src=reg005_c749,3,,T_Epi,T_Epi_2
b8494eb5-b61b-423d-beaf-c1d5790b309f,phenograph,RCC-TMA609(reg_4x5)-dst=reg019-src=reg005_c756,2,CD8T,,
b8494eb5-b61b-423d-beaf-c1d5790b309f,phenograph,RCC-TMA609(reg_4x5)-dst=reg019-src=reg005_c759,2,CD8T,,
b8494eb5-b61b-423d-beaf-c1d5790b309f,phenograph,RCC-TMA609(reg_4x5)-dst=reg019-src=reg005_c776,3,,T_Epi,T_Epi_2
b8494eb5-b61b-423d-beaf-c1d5790b309f,phenograph,RCC-TMA609(reg_4x5)-dst=reg019-src=reg005_c781,0,Macrophage,,
b8494eb5-b61b-423d-beaf-c1d5790b309f,phenograph,RCC-TMA609(reg_4x5)-dst=reg019-src=reg005_c790,0,Macrophage,,
b8494eb5-b61b-423d-beaf-c1d5790b309f,phenograph,RCC-TMA609(reg_4x5)-dst=reg019-src=reg005_c791,1,Muscle-like,,
b8494eb5-b61b-423d-beaf-c1d5790b309f,phenograph,RCC-TMA609(reg_4x5)-dst=reg019-src=reg005_c793,1,Muscle-like,,
b8494eb5-b61b-423d-beaf-c1d5790b309f,phenograph,RCC-TMA609(reg_4x5)-dst=reg019-src=reg005_c796,3,,T_Epi,T_Epi_2
b8494eb5-b61b-423d-beaf-c1d5790b309f,phenograph,RCC-TMA609(reg_4x5)-dst=reg019-src=reg005_c800,4,T,,
b8494eb5-b61b-423d-beaf-c1d5790b309f,phenograph,RCC-TMA609(reg_4x5)-dst=reg019-src=reg005_c805,4,T,,
b8494eb5-b61b-423d-beaf-c1d5790b309f,phenograph,RCC-TMA609(reg_4x5)-dst=reg019-src=reg005_c806,0,Macrophage,,
b8494eb5-b61b-423d-beaf-c1d5790b309f,phenograph,RCC-TMA609(reg_4x5)-dst=reg019-src=reg005_c807,4,T,,
b8494eb5-b61b-423d-beaf-c1d5790b309f,phenograph,RCC-TMA609(reg_4x5)-dst=reg019-src=reg005_c808,0,Macrophage,,
b8494eb5-b61b-423d-beaf-c1d5790b309f,phenograph,RCC-TMA609(reg_4x5)-dst=reg019-src=reg005_c810,0,Macrophage,,
b8494eb5-b61b-423d-beaf-c1d5790b309f,phenograph,RCC-TMA609(reg_4x5)-dst=reg019-src=reg005_c816,4,T,,
b8494eb5-b61b-423d-beaf-c1d5790b309f,phenograph,RCC-TMA609(reg_4x5)-dst=reg019-src=reg005_c820,4,T,,
b8494eb5-b61b-423d-beaf-c1d5790b309f,phenograph,RCC-TMA609(reg_4x5)-dst=reg019-src=reg005_c821,3,,T_Epi,T_Epi_2
b8494eb5-b61b-423d-beaf-c1d5790b309f,phenograph,RCC-TMA609(reg_4x5)-dst=reg019-src=reg005_c824,2,CD8T,,
b8494eb5-b61b-423d-beaf-c1d5790b309f,phenograph,RCC-TMA609(reg_4x5)-dst=reg019-src=reg005_c825,4,T,,
b8494eb5-b61b-423d-beaf-c1d5790b309f,phenograph,RCC-TMA609(reg_4x5)-dst=reg019-src=reg005_c833,1,Muscle-like,,
b8494eb5-b61b-423d-beaf-c1d5790b309f,phenograph,RCC-TMA609(reg_4x5)-dst=reg019-src=reg005_c843,0,Macrophage,,
b8494eb5-b61b-423d-beaf-c1d5790b309f,phenograph,RCC-TMA609(reg_4x5)-dst=reg019-src=reg005_c844,2,CD8T,,
b8494eb5-b61b-423d-beaf-c1d5790b309f,phenograph,RCC-TMA609(reg_4x5)-dst=reg019-src=reg005_c847,2,CD8T,,
b8494eb5-b61b-423d-beaf-c1d5790b309f,phenograph,RCC-TMA609(reg_4x5)-dst=reg019-src=reg005_c857,0,Macrophage,,
b8494eb5-b61b-423d-beaf-c1d5790b309f,phenograph,RCC-TMA609(reg_4x5)-dst=reg019-src=reg005_c858,1,Muscle-like,,
b8494eb5-b61b-423d-beaf-c1d5790b309f,phenograph,RCC-TMA609(reg_4x5)-dst=reg019-src=reg005_c862,2,CD8T,,
b8494eb5-b61b-423d-beaf-c1d5790b309f,phenograph,RCC-TMA609(reg_4x5)-dst=reg019-src=reg005_c871,0,Macrophage,,
b8494eb5-b61b-423d-beaf-c1d5790b309f,phenograph,RCC-TMA609(reg_4x5)-dst=reg019-src=reg005_c872,3,,T_Epi,T_Epi_2
b8494eb5-b61b-423d-beaf-c1d5790b309f,phenograph,RCC-TMA609(reg_4x5)-dst=reg019-src=reg005_c874,4,T,,
b8494eb5-b61b-423d-beaf-c1d5790b309f,phenograph,RCC-TMA609(reg_4x5)-dst=reg019-src=reg005_c877,0,Macrophage,,
b8494eb5-b61b-423d-beaf-c1d5790b309f,phenograph,RCC-TMA609(reg_4x5)-dst=reg019-src=reg005_c878,2,CD8T,,
b8494eb5-b61b-423d-beaf-c1d5790b309f,phenograph,RCC-TMA609(reg_4x5)-dst=reg019-src=reg005_c879,2,CD8T,,
b8494eb5-b61b-423d-beaf-c1d5790b309f,phenograph,RCC-TMA609(reg_4x5)-dst=reg019-src=reg005_c888,2,CD8T,,
b8494eb5-b61b-423d-beaf-c1d5790b309f,phenograph,RCC-TMA609(reg_4x5)-dst=reg019-src=reg005_c889,0,Macrophage,,
b8494eb5-b61b-423d-beaf-c1d5790b309f,phenograph,RCC-TMA609(reg_4x5)-dst=reg019-src=reg005_c890,4,T,,
b8494eb5-b61b-423d-beaf-c1d5790b309f,phenograph,RCC-TMA609(reg_4x5)-dst=reg019-src=reg005_c900,1,Muscle-like,,
b8494eb5-b61b-423d-beaf-c1d5790b309f,phenograph,RCC-TMA609(reg_4x5)-dst=reg019-src=reg005_c906,0,Macrophage,,
b8494eb5-b61b-423d-beaf-c1d5790b309f,phenograph,RCC-TMA609(reg_4x5)-dst=reg019-src=reg005_c907,4,T,,
b8494eb5-b61b-423d-beaf-c1d5790b309f,phenograph,RCC-TMA609(reg_4x5)-dst=reg019-src=reg005_c910,4,T,,
b8494eb5-b61b-423d-beaf-c1d5790b309f,phenograph,RCC-TMA609(reg_4x5)-dst=reg019-src=reg005_c914,3,,T_Epi,T_Epi_2
b8494eb5-b61b-423d-beaf-c1d5790b309f,phenograph,RCC-TMA609(reg_4x5)-dst=reg019-src=reg005_c924,2,CD8T,,
b8494eb5-b61b-423d-beaf-c1d5790b309f,phenograph,RCC-TMA609(reg_4x5)-dst=reg019-src=reg005_c929,4,T,,
b8494eb5-b61b-423d-beaf-c1d5790b309f,phenograph,RCC-TMA609(reg_4x5)-dst=reg019-src=reg005_c933,2,CD8T,,
b8494eb5-b61b-423d-beaf-c1d5790b309f,phenograph,RCC-TMA609(reg_4x5)-dst=reg019-src=reg005_c934,4,T,,
b8494eb5-b61b-423d-beaf-c1d5790b309f,phenograph,RCC-TMA609(reg_4x5)-dst=reg019-src=reg005_c935,2,CD8T,,
b8494eb5-b61b-423d-beaf-c1d5790b309f,phenograph,RCC-TMA609(reg_4x5)-dst=reg019-src=reg005_c938,0,Macrophage,,
b8494eb5-b61b-423d-beaf-c1d5790b309f,phenograph,RCC-TMA609(reg_4x5)-dst=reg019-src=reg005_c939,1,Muscle-like,,
b8494eb5-b61b-423d-beaf-c1d5790b309f,phenograph,RCC-TMA609(reg_4x5)-dst=reg019-src=reg005_c941,4,T,,
b8494eb5-b61b-423d-beaf-c1d5790b309f,phenograph,RCC-TMA609(reg_4x5)-dst=reg019-src=reg005_c943,0,Macrophage,,
b8494eb5-b61b-423d-beaf-c1d5790b309f,phenograph,RCC-TMA609(reg_4x5)-dst=reg019-src=reg005_c946,2,CD8T,,
b8494eb5-b61b-423d-beaf-c1d5790b309f,phenograph,RCC-TMA609(reg_4x5)-dst=reg019-src=reg005_c955,0,Macrophage,,
b8494eb5-b61b-423d-beaf-c1d5790b309f,phenograph,RCC-TMA609(reg_4x5)-dst=reg019-src=reg005_c956,4,T,,
b8494eb5-b61b-423d-beaf-c1d5790b309f,phenograph,RCC-TMA609(reg_4x5)-dst=reg019-src=reg005_c958,1,Muscle-like,,
b8494eb5-b61b-423d-beaf-c1d5790b309f,phenograph,RCC-TMA609(reg_4x5)-dst=reg019-src=reg005_c963,0,Macrophage,,
b8494eb5-b61b-423d-beaf-c1d5790b309f,phenograph,RCC-TMA609(reg_4x5)-dst=reg019-src=reg005_c965,2,CD8T,,
b8494eb5-b61b-423d-beaf-c1d5790b309f,phenograph,RCC-TMA609(reg_4x5)-dst=reg019-src=reg005_c970,0,Macrophage,,
b8494eb5-b61b-423d-beaf-c1d5790b309f,phenograph,RCC-TMA609(reg_4x5)-dst=reg019-src=reg005_c972,2,CD8T,,
b8494eb5-b61b-423d-beaf-c1d5790b309f,phenograph,RCC-TMA609(reg_4x5)-dst=reg019-src=reg005_c989,3,,T_Epi,T_Epi_2
b8494eb5-b61b-423d-beaf-c1d5790b309f,phenograph,RCC-TMA609(reg_4x5)-dst=reg019-src=reg005_c1005,0,Macrophage,,
b8494eb5-b61b-423d-beaf-c1d5790b309f,phenograph,RCC-TMA609(reg_4x5)-dst=reg019-src=reg005_c1007,4,T,,
b8494eb5-b61b-423d-beaf-c1d5790b309f,phenograph,RCC-TMA609(reg_4x5)-dst=reg019-src=reg005_c1008,3,,T_Epi,T_Epi_2
b8494eb5-b61b-423d-beaf-c1d5790b309f,phenograph,RCC-TMA609(reg_4x5)-dst=reg019-src=reg005_c1015,0,Macrophage,,
b8494eb5-b61b-423d-beaf-c1d5790b309f,phenograph,RCC-TMA609(reg_4x5)-dst=reg019-src=reg005_c1020,0,Macrophage,,
b8494eb5-b61b-423d-beaf-c1d5790b309f,phenograph,RCC-TMA609(reg_4x5)-dst=reg019-src=reg005_c1022,2,CD8T,,
b8494eb5-b61b-423d-beaf-c1d5790b309f,phenograph,RCC-TMA609(reg_4x5)-dst=reg019-src=reg005_c1037,2,CD8T,,
b8494eb5-b61b-423d-beaf-c1d5790b309f,phenograph,RCC-TMA609(reg_4x5)-dst=reg019-src=reg005_c1041,4,T,,
b8494eb5-b61b-423d-beaf-c1d5790b309f,phenograph,RCC-TMA609(reg_4x5)-dst=reg019-src=reg005_c1047,0,Macrophage,,
b8494eb5-b61b-423d-beaf-c1d5790b309f,phenograph,RCC-TMA609(reg_4x5)-dst=reg019-src=reg005_c1055,0,Macrophage,,
b8494eb5-b61b-423d-beaf-c1d5790b309f,phenograph,RCC-TMA609(reg_4x5)-dst=reg019-src=reg005_c1058,3,,T_Epi,T_Epi_2
b8494eb5-b61b-423d-beaf-c1d5790b309f,phenograph,RCC-TMA609(reg_4x5)-dst=reg019-src=reg005_c1075,0,Macrophage,,
b8494eb5-b61b-423d-beaf-c1d5790b309f,phenograph,RCC-TMA609(reg_4x5)-dst=reg019-src=reg005_c1087,0,Macrophage,,
b8494eb5-b61b-423d-beaf-c1d5790b309f,phenograph,RCC-TMA609(reg_4x5)-dst=reg019-src=reg005_c1089,3,,T_Epi,T_Epi_2
b8494eb5-b61b-423d-beaf-c1d5790b309f,phenograph,RCC-TMA609(reg_4x5)-dst=reg019-src=reg005_c1096,2,CD8T,,
b8494eb5-b61b-423d-beaf-c1d5790b309f,phenograph,RCC-TMA609(reg_4x5)-dst=reg019-src=reg005_c1103,0,Macrophage,,
b8494eb5-b61b-423d-beaf-c1d5790b309f,phenograph,RCC-TMA609(reg_4x5)-dst=reg019-src=reg005_c1113,3,,T_Epi,T_Epi_2
b8494eb5-b61b-423d-beaf-c1d5790b309f,phenograph,RCC-TMA609(reg_4x5)-dst=reg019-src=reg005_c1117,1,Muscle-like,,
b8494eb5-b61b-423d-beaf-c1d5790b309f,phenograph,RCC-TMA609(reg_4x5)-dst=reg019-src=reg005_c1124,1,Muscle-like,,
b8494eb5-b61b-423d-beaf-c1d5790b309f,phenograph,RCC-TMA609(reg_4x5)-dst=reg019-src=reg005_c1125,2,CD8T,,
b8494eb5-b61b-423d-beaf-c1d5790b309f,phenograph,RCC-TMA609(reg_4x5)-dst=reg019-src=reg005_c1126,2,CD8T,,
b8494eb5-b61b-423d-beaf-c1d5790b309f,phenograph,RCC-TMA609(reg_4x5)-dst=reg019-src=reg005_c1131,2,CD8T,,
b8494eb5-b61b-423d-beaf-c1d5790b309f,phenograph,RCC-TMA609(reg_4x5)-dst=reg019-src=reg005_c1141,1,Muscle-like,,
b8494eb5-b61b-423d-beaf-c1d5790b309f,phenograph,RCC-TMA609(reg_4x5)-dst=reg019-src=reg005_c1142,0,Macrophage,,
b8494eb5-b61b-423d-beaf-c1d5790b309f,phenograph,RCC-TMA609(reg_4x5)-dst=reg019-src=reg005_c1145,2,CD8T,,
b8494eb5-b61b-423d-beaf-c1d5790b309f,phenograph,RCC-TMA609(reg_4x5)-dst=reg019-src=reg005_c1151,1,Muscle-like,,
b8494eb5-b61b-423d-beaf-c1d5790b309f,phenograph,RCC-TMA609(reg_4x5)-dst=reg019-src=reg005_c1164,0,Macrophage,,
b8494eb5-b61b-423d-beaf-c1d5790b309f,phenograph,RCC-TMA609(reg_4x5)-dst=reg019-src=reg005_c1173,4,T,,
b8494eb5-b61b-423d-beaf-c1d5790b309f,phenograph,RCC-TMA609(reg_4x5)-dst=reg019-src=reg005_c1176,0,Macrophage,,
b8494eb5-b61b-423d-beaf-c1d5790b309f,phenograph,RCC-TMA609(reg_4x5)-dst=reg019-src=reg005_c1181,3,,T_Epi,T_Epi_2
b8494eb5-b61b-423d-beaf-c1d5790b309f,phenograph,RCC-TMA609(reg_4x5)-dst=reg019-src=reg005_c1184,1,Muscle-like,,
b8494eb5-b61b-423d-beaf-c1d5790b309f,phenograph,RCC-TMA609(reg_4x5)-dst=reg019-src=reg005_c1187,3,,T_Epi,T_Epi_2
b8494eb5-b61b-423d-beaf-c1d5790b309f,phenograph,RCC-TMA609(reg_4x5)-dst=reg019-src=reg005_c1190,4,T,,
b8494eb5-b61b-423d-beaf-c1d5790b309f,phenograph,RCC-TMA609(reg_4x5)-dst=reg019-src=reg005_c1192,0,Macrophage,,
b8494eb5-b61b-423d-beaf-c1d5790b309f,phenograph,RCC-TMA609(reg_4x5)-dst=reg019-src=reg005_c1197,0,Macrophage,,
b8494eb5-b61b-423d-beaf-c1d5790b309f,phenograph,RCC-TMA609(reg_4x5)-dst=reg019-src=reg005_c1203,3,,T_Epi,T_Epi_2
b8494eb5-b61b-423d-beaf-c1d5790b309f,phenograph,RCC-TMA609(reg_4x5)-dst=reg019-src=reg005_c1207,1,Muscle-like,,
b8494eb5-b61b-423d-beaf-c1d5790b309f,phenograph,RCC-TMA609(reg_4x5)-dst=reg019-src=reg005_c1220,3,,T_Epi,T_Epi_2
b8494eb5-b61b-423d-beaf-c1d5790b309f,phenograph,RCC-TMA609(reg_4x5)-dst=reg019-src=reg005_c1238,1,Muscle-like,,
b8494eb5-b61b-423d-beaf-c1d5790b309f,phenograph,RCC-TMA609(reg_4x5)-dst=reg019-src=reg005_c1244,1,Muscle-like,,
b8494eb5-b61b-423d-beaf-c1d5790b309f,phenograph,RCC-TMA609(reg_4x5)-dst=reg019-src=reg005_c1250,2,CD8T,,
b8494eb5-b61b-423d-beaf-c1d5790b309f,phenograph,RCC-TMA609(reg_4x5)-dst=reg019-src=reg005_c1255,1,Muscle-like,,
b8494eb5-b61b-423d-beaf-c1d5790b309f,phenograph,RCC-TMA609(reg_4x5)-dst=reg019-src=reg005_c1310,3,,T_Epi,T_Epi_2
b8494eb5-b61b-423d-beaf-c1d5790b309f,phenograph,RCC-TMA609(reg_4x5)-dst=reg019-src=reg005_c1315,2,CD8T,,
b8494eb5-b61b-423d-beaf-c1d5790b309f,phenograph,RCC-TMA609(reg_4x5)-dst=reg019-src=reg005_c1318,0,Macrophage,,
b8494eb5-b61b-423d-beaf-c1d5790b309f,phenograph,RCC-TMA609(reg_4x5)-dst=reg019-src=reg005_c1326,1,Muscle-like,,
b8494eb5-b61b-423d-beaf-c1d5790b309f,phenograph,RCC-TMA609(reg_4x5)-dst=reg019-src=reg005_c1329,2,CD8T,,
b8494eb5-b61b-423d-beaf-c1d5790b309f,phenograph,RCC-TMA609(reg_4x5)-dst=reg019-src=reg005_c1344,2,CD8T,,
b8494eb5-b61b-423d-beaf-c1d5790b309f,phenograph,RCC-TMA609(reg_4x5)-dst=reg019-src=reg005_c1357,1,Muscle-like,,
b8494eb5-b61b-423d-beaf-c1d5790b309f,phenograph,RCC-TMA609(reg_4x5)-dst=reg019-src=reg005_c1358,2,CD8T,,
b8494eb5-b61b-423d-beaf-c1d5790b309f,phenograph,RCC-TMA609(reg_4x5)-dst=reg019-src=reg005_c1372,0,Macrophage,,
b8494eb5-b61b-423d-beaf-c1d5790b309f,phenograph,RCC-TMA609(reg_4x5)-dst=reg019-src=reg005_c1392,3,,T_Epi,T_Epi_2
b8494eb5-b61b-423d-beaf-c1d5790b309f,phenograph,RCC-TMA609(reg_4x5)-dst=reg019-src=reg005_c1393,3,,T_Epi,T_Epi_2
b8494eb5-b61b-423d-beaf-c1d5790b309f,phenograph,RCC-TMA609(reg_4x5)-dst=reg019-src=reg005_c1419,3,,T_Epi,T_Epi_2
b8494eb5-b61b-423d-beaf-c1d5790b309f,phenograph,RCC-TMA609(reg_4x5)-dst=reg019-src=reg005_c1428,1,Muscle-like,,
b8494eb5-b61b-423d-beaf-c1d5790b309f,phenograph,RCC-TMA609(reg_4x5)-dst=reg019-src=reg005_c1432,2,CD8T,,
b8494eb5-b61b-423d-beaf-c1d5790b309f,phenograph,RCC-TMA609(reg_4x5)-dst=reg019-src=reg005_c1459,0,Macrophage,,
b8494eb5-b61b-423d-beaf-c1d5790b309f,phenograph,RCC-TMA609(reg_4x5)-dst=reg019-src=reg005_c1461,3,,T_Epi,T_Epi_2
b8494eb5-b61b-423d-beaf-c1d5790b309f,phenograph,RCC-TMA609(reg_4x5)-dst=reg019-src=reg005_c1481,0,Macrophage,,
b8494eb5-b61b-423d-beaf-c1d5790b309f,phenograph,RCC-TMA609(reg_4x5)-dst=reg019-src=reg005_c1491,3,,T_Epi,T_Epi_2
b8494eb5-b61b-423d-beaf-c1d5790b309f,phenograph,RCC-TMA609(reg_4x5)-dst=reg019-src=reg005_c1494,3,,T_Epi,T_Epi_2
b8494eb5-b61b-423d-beaf-c1d5790b309f,phenograph,RCC-TMA609(reg_4x5)-dst=reg019-src=reg005_c1496,0,Macrophage,,
b8494eb5-b61b-423d-beaf-c1d5790b309f,phenograph,RCC-TMA609(reg_4x5)-dst=reg019-src=reg005_c1500,3,,T_Epi,T_Epi_2
b8494eb5-b61b-423d-beaf-c1d5790b309f,phenograph,RCC-TMA609(reg_4x5)-dst=reg019-src=reg005_c1501,0,Macrophage,,
b8494eb5-b61b-423d-beaf-c1d5790b309f,phenograph,RCC-TMA609(reg_4x5)-dst=reg019-src=reg005_c1503,0,Macrophage,,
b8494eb5-b61b-423d-beaf-c1d5790b309f,phenograph,RCC-TMA609(reg_4x5)-dst=reg019-src=reg005_c1507,3,,T_Epi,T_Epi_2
b8494eb5-b61b-423d-beaf-c1d5790b309f,phenograph,RCC-TMA609(reg_4x5)-dst=reg019-src=reg005_c1511,0,Macrophage,,
b8494eb5-b61b-423d-beaf-c1d5790b309f,phenograph,RCC-TMA609(reg_4x5)-dst=reg019-src=reg005_c1521,3,,T_Epi,T_Epi_2
b8494eb5-b61b-423d-beaf-c1d5790b309f,phenograph,RCC-TMA609(reg_4x5)-dst=reg019-src=reg005_c1522,2,CD8T,,
b8494eb5-b61b-423d-beaf-c1d5790b309f,phenograph,RCC-TMA609(reg_4x5)-dst=reg019-src=reg005_c1532,0,Macrophage,,
b8494eb5-b61b-423d-beaf-c1d5790b309f,phenograph,RCC-TMA609(reg_4x5)-dst=reg019-src=reg005_c1544,0,Macrophage,,
b8494eb5-b61b-423d-beaf-c1d5790b309f,phenograph,RCC-TMA609(reg_4x5)-dst=reg019-src=reg005_c1566,3,,T_Epi,T_Epi_2
b8494eb5-b61b-423d-beaf-c1d5790b309f,phenograph,RCC-TMA609(reg_4x5)-dst=reg019-src=reg005_c1568,2,CD8T,,
b8494eb5-b61b-423d-beaf-c1d5790b309f,phenograph,RCC-TMA609(reg_4x5)-dst=reg019-src=reg005_c1574,0,Macrophage,,
b8494eb5-b61b-423d-beaf-c1d5790b309f,phenograph,RCC-TMA609(reg_4x5)-dst=reg019-src=reg005_c1577,0,Macrophage,,
b8494eb5-b61b-423d-beaf-c1d5790b309f,phenograph,RCC-TMA609(reg_4x5)-dst=reg019-src=reg005_c1578,0,Macrophage,,
b8494eb5-b61b-423d-beaf-c1d5790b309f,phenograph,RCC-TMA609(reg_4x5)-dst=reg019-src=reg005_c1582,0,Macrophage,,
b8494eb5-b61b-423d-beaf-c1d5790b309f,phenograph,RCC-TMA609(reg_4x5)-dst=reg019-src=reg005_c1592,2,CD8T,,
b8494eb5-b61b-423d-beaf-c1d5790b309f,phenograph,RCC-TMA609(reg_4x5)-dst=reg019-src=reg005_c1598,3,,T_Epi,T_Epi_2
b8494eb5-b61b-423d-beaf-c1d5790b309f,phenograph,RCC-TMA609(reg_4x5)-dst=reg019-src=reg005_c1601,3,,T_Epi,T_Epi_2
b8494eb5-b61b-423d-beaf-c1d5790b309f,phenograph,RCC-TMA609(reg_4x5)-dst=reg019-src=reg005_c1607,0,Macrophage,,
b8494eb5-b61b-423d-beaf-c1d5790b309f,phenograph,RCC-TMA609(reg_4x5)-dst=reg019-src=reg005_c1634,3,,T_Epi,T_Epi_2
b8494eb5-b61b-423d-beaf-c1d5790b309f,phenograph,RCC-TMA609(reg_4x5)-dst=reg019-src=reg005_c1649,3,,T_Epi,T_Epi_2
b8494eb5-b61b-423d-beaf-c1d5790b309f,phenograph,RCC-TMA609(reg_4x5)-dst=reg019-src=reg005_c1663,3,,T_Epi,T_Epi_2
b8494eb5-b61b-423d-beaf-c1d5790b309f,phenograph,RCC-TMA609(reg_4x5)-dst=reg019-src=reg005_c1676,3,,T_Epi,T_Epi_2
b8494eb5-b61b-423d-beaf-c1d5790b309f,phenograph,RCC-TMA609(reg_4x5)-dst=reg019-src=reg005_c1697,3,,T_Epi,T_Epi_2
b8494eb5-b61b-423d-beaf-c1d5790b309f,phenograph,RCC-TMA609(reg_4x5)-dst=reg019-src=reg005_c1710,2,CD8T,,
b8494eb5-b61b-423d-beaf-c1d5790b309f,phenograph,RCC-TMA609(reg_4x5)-dst=reg019-src=reg005_c1712,3,,T_Epi,T_Epi_2
b8494eb5-b61b-423d-beaf-c1d5790b309f,phenograph,RCC-TMA609(reg_4x5)-dst=reg019-src=reg005_c1715,0,Macrophage,,
b8494eb5-b61b-423d-beaf-c1d5790b309f,phenograph,RCC-TMA609(reg_4x5)-dst=reg019-src=reg005_c1727,3,,T_Epi,T_Epi_2
b8494eb5-b61b-423d-beaf-c1d5790b309f,phenograph,RCC-TMA609(reg_4x5)-dst=reg019-src=reg005_c1735,3,,T_Epi,T_Epi_2
b8494eb5-b61b-423d-beaf-c1d5790b309f,phenograph,RCC-TMA609(reg_4x5)-dst=reg019-src=reg005_c1737,2,CD8T,,
b8494eb5-b61b-423d-beaf-c1d5790b309f,phenograph,RCC-TMA609(reg_4x5)-dst=reg019-src=reg005_c1742,3,,T_Epi,T_Epi_2
b8494eb5-b61b-423d-beaf-c1d5790b309f,phenograph,RCC-TMA609(reg_4x5)-dst=reg019-src=reg005_c1745,3,,T_Epi,T_Epi_2
b8494eb5-b61b-423d-beaf-c1d5790b309f,phenograph,RCC-TMA609(reg_4x5)-dst=reg019-src=reg005_c1752,2,CD8T,,
b8494eb5-b61b-423d-beaf-c1d5790b309f,phenograph,RCC-TMA609(reg_4x5)-dst=reg019-src=reg005_c1753,3,,T_Epi,T_Epi_2
